{
	"lvl" : 1,
	"maxPlayers" : 1,
	
	"initialPosition" : {
		"x" : 7,
		"y" : 3
	},
	
	"field" : [
		
		{ "x" : 0, "y" : 0, "type" : "grassCenter" },
		{ "x" : 1, "y" : 0, "type" : "grassCenter" },
		{ "x" : 2, "y" : 0, "type" : "grassCenter" },
		{ "x" : 3, "y" : 0, "type" : "grassCenter" },
		{ "x" : 4, "y" : 0, "type" : "grassCenter" },
		{ "x" : 5, "y" : 0, "type" : "grassCenter" },
		{ "x" : 6, "y" : 0, "type" : "grassCenter" },
		{ "x" : 7, "y" : 0, "type" : "grassCenter" },
		{ "x" : 8, "y" : 0, "type" : "grassCenter" },
		{ "x" : 9, "y" : 0, "type" : "grassCenter" },
		{ "x" : 10, "y" : 0, "type" : "liquidWater" },
		{ "x" : 11, "y" : 0, "type" : "liquidWater" },
		{ "x" : 12, "y" : 0, "type" : "liquidWater" },
		{ "x" : 13, "y" : 0, "type" : "liquidWater" },
		{ "x" : 14, "y" : 0, "type" : "liquidWater" },
		{ "x" : 15, "y" : 0, "type" : "liquidWater" },
		{ "x" : 16, "y" : 0, "type" : "liquidWater" },
		{ "x" : 17, "y" : 0, "type" : "liquidWater" },
		{ "x" : 18, "y" : 0, "type" : "liquidWater" },
		{ "x" : 19, "y" : 0, "type" : "liquidWater" },
	

		{ "x" : 0, "y" : 1, "type" : "grassCenter" },
		{ "x" : 1, "y" : 1, "type" : "grassCenter" },
		{ "x" : 2, "y" : 1, "type" : "grassCenter" },
		{ "x" : 3, "y" : 1, "type" : "grassCenter" },
		{ "x" : 4, "y" : 1, "type" : "grassCenter" },
		{ "x" : 5, "y" : 1, "type" : "grassMid" },
		{ "x" : 6, "y" : 1, "type" : "grassMid" },
		{ "x" : 7, "y" : 1, "type" : "grassMid" },
		{ "x" : 8, "y" : 1, "type" : "grassCenter" },
		{ "x" : 9, "y" : 1, "type" : "grassCenter" },
		{ "x" : 10, "y" : 1, "type" : "liquidWaterTop_mid" },
		{ "x" : 11, "y" : 1, "type" : "liquidWaterTop_mid" },
		{ "x" : 12, "y" : 1, "type" : "liquidWaterTop_mid" },
		{ "x" : 13, "y" : 1, "type" : "liquidWaterTop_mid" },
		{ "x" : 14, "y" : 1, "type" : "liquidWaterTop_mid" },
		{ "x" : 15, "y" : 1, "type" : "liquidWaterTop_mid" },
		{ "x" : 16, "y" : 1, "type" : "liquidWaterTop_mid" },
		{ "x" : 17, "y" : 1, "type" : "liquidWaterTop_mid" },
		{ "x" : 18, "y" : 1, "type" : "liquidWaterTop_mid" },
		{ "x" : 19, "y" : 1, "type" : "liquidWaterTop_mid" },
		

		
		{ "x" : 0, "y" : 2, "type" : "grassMid" },
		{ "x" : 1, "y" : 2, "type" : "grassMid" },
		{ "x" : 2, "y" : 2, "type" : "grassMid" },
		{ "x" : 3, "y" : 2, "type" : "grassMid" },
		{ "x" : 4, "y" : 2, "type" : "grassMid" },
		{ "x" : 5, "y" : 2, "type" : "grassMid" },
		{ "x" : 6, "y" : 2, "type" : "grassMid" },
		{ "x" : 7, "y" : 2, "type" : "grassMid" },
		{ "x" : 8, "y" : 2, "type" : "grassMid" },
		{ "x" : 9, "y" : 2, "type" : "grassMid" },
		{ "x" : 10, "y" : 2, "type" : "grassCliffRight" },
		
		
		{ "x" : 3, "y" : 3, "type" : "fence" },
		{ "x" : 4, "y" : 3, "type" : "fence" },
		{ "x" : 4, "y" : 3, "type" : "mushroomRed" },
		{ "x" : 5, "y" : 3, "type" : "fence" },
		{ "x" : 9, "y" : 3, "type" : "boxAlt" },
		
		
		{ "x" : 7, "y" : 5, "type" : "cloud1" },
		{ "x" : 3, "y" : 8, "type" : "cloud1" },
		{ "x" : 7, "y" : 5, "type" : "cloud1" },
		{ "x" : 9, "y" : 9, "type" : "cloud2" },
		{ "x" : 16, "y" : 7, "type" : "cloud3" }
		
	]

}

